Dates;Air_Relat_Hum;Air_Temp;Wind_Dir;Solar_Rad;Wind_Speed;Rain
2025-03-18 04:52:09.826;83;10.04;77;6;2;0
2025-03-18 05:51:41.505;92;8.69;54;5;0;0
2025-03-18 06:51:15.036;92;8.64;52;3;7;0
2025-03-18 07:50:52.882;92;8.82;55;2;6;0
2025-03-18 08:50:31.363;92;9.13;47;6;9;0
2025-03-18 09:50:16.231;92;9.72;53;1;7;0
2025-03-18 10:50:02.639;89;11.28;48;7;5;0
2025-03-18 11:49:32.434;83;12.44;60;0;13;0
2025-03-18 12:48:50.278;86;10.51;41;4;14;0
2025-03-18 13:48:34.631;78;11.92;61;0;6;0
2025-03-18 14:48:09.083;74;11.92;77;0;14;0
2025-03-18 15:48:02.270;67;13.25;51;0;4;0
2025-03-18 16:47:33.258;87;10.95;65;4;8;0
2025-03-18 17:47:15.412;88;11.14;51;0;2;0
2025-03-18 18:47:04.799;86;11.79;338;0;0;0
2025-03-18 19:46:39.279;91;10.85;339;6;0;0
2025-03-18 20:46:15.671;92;10.36;39;8;2;0
2025-03-18 21:45:52.357;92;9.73;62;8;0;0
2025-03-18 22:45:30.141;94;8.94;62;8;0;0
2025-03-18 23:45:05.984;95;8.34;62;8;0;0
2025-03-19 00:44:36.702;95;6.94;62;8;0;0
2025-03-19 01:44:07.237;95;6.09;62;8;0;0
2025-03-19 02:43:49.670;96;6.640000000000001;62;7;0;0
2025-03-19 03:43:30.489;96;6.6000000000000005;276;6;2;0
2025-03-19 04:43:08.851;96;6.42;276;6;1;0
2025-03-19 05:42:48.292;97;6.0;278;6;2;0
2025-03-19 06:42:19.966;96;5.42;278;6;1;0
2025-03-19 07:41:49.004;97;4.6000000000000005;16;7;0;0
2025-03-19 08:41:46.144;97;6.95;273;0;2;0
2025-03-19 09:41:41.457;78;11.17;180;0;7;0
2025-03-19 10:41:31.976;69;13.32;251;0;8;0
2025-03-19 11:41:12.145;60;14.47;272;0;8;0
2025-03-19 12:40:51.504;57;15.26;265;0;1;0
2025-03-19 13:40:35.139;52;16.41;160;0;2;0
2025-03-19 14:40:16.035;49;17.64;94;0;3;0
2025-03-19 15:40:06.844;45;18.84;224;0;9;0
2025-03-19 16:39:38.535;43;18.57;81;0;7;0
2025-03-19 17:39:10.165;46;17.88;29;0;3;0
2025-03-19 18:38:40.975;52;16.82;153;0;3;0
2025-03-19 19:38:09.134;66;14.0;104;0;12;0
2025-03-19 20:37:43.891;64;13.2;117;0;14;0
2025-03-19 21:37:21.362;68;12.31;125;0;9;0
2025-03-19 22:36:55.662;66;12.34;239;0;12;0
2025-03-19 23:36:35.789;66;12.47;243;0;18;0
2025-03-20 00:36:12.495;66;12.5;197;0;18;0
2025-03-20 01:35:44.641;71;11.76;229;0;13;0
2025-03-20 02:35:18.538;73;11.36;244;0;5;0
2025-03-20 03:34:58.963;71;11.66;182;0;15;0
2025-03-20 04:34:33.638;73;11.07;247;0;12;0
2025-03-20 05:34:05.196;78;9.91;289;0;8;0
2025-03-20 06:33:41.832;80;9.64;283;0;7;0
2025-03-20 07:33:19.306;78;10.11;274;0;4;0
2025-03-20 08:32:58.930;80;10.84;292;0;0;0
2025-03-20 09:33:03.163;67;14.54;48;0;6;0
2025-03-20 10:32:37.329;57;15.73;3;0;5;0
2025-03-20 11:32:14.245;59;16.14;65;0;4;0
2025-03-20 12:31:52.059;61;16.53;37;0;2;0
2025-03-20 13:31:32.331;62;17.11;60;0;6;0
2025-03-20 14:31:09.355;58;17.31;76;0;7;0
2025-03-20 15:30:46.870;59;17.61;55;0;8;0
2025-03-20 16:30:27.812;54;18.19;31;0;0;0
2025-03-20 17:30:12.921;54;19.51;92;0;7;0
2025-03-20 18:29:32.939;44;18.17;35;0;5;0
2025-03-20 19:28:56.683;53;15.94;107;0;0;0
2025-03-20 20:28:21.572;53;14.38;54;0;0;0
2025-03-20 21:28:01.533;51;15.42;45;0;5;0
2025-03-20 22:27:40.308;57;14.88;64;0;7;0
2025-03-20 23:27:13.490;78;12.91;89;0;9;0
2025-03-21 00:26:42.318;90;11.13;44;8;2;0
2025-03-21 01:26:18.592;86;10.6;16;5;8;0
2025-03-21 02:25:54.088;83;10.17;39;0;3;0
2025-03-21 03:25:29.390;84;10.32;52;0;7;0
2025-03-21 04:25:08.568;82;10.32;28;0;4;0
2025-03-21 05:24:44.814;85;10.11;46;0;3;0
2025-03-21 06:24:26.620;85;10.09;38;7;6;0
2025-03-21 07:24:02.777;82;9.13;82;0;15;0
2025-03-21 08:23:35.430;82;8.34;56;0;11;0
2025-03-21 09:23:08.593;80;8.66;70;0;5;0
2025-03-21 10:22:42.140;82;8.92;99;0;7;0
2025-03-21 11:22:32.530;66;11.31;12;0;16;0
2025-03-21 12:22:16.417;60;12.28;37;0;13;0
2025-03-21 13:21:55.736;58;12.98;50;0;12;0
2025-03-21 14:21:37.677;50;13.25;67;0;13;0
2025-03-21 15:21:13.573;58;13.01;7;0;13;0
2025-03-21 16:20:55.043;62;12.78;56;0;12;0
2025-03-21 17:20:27.432;72;11.85;30;10;10;0
2025-03-21 18:19:59.218;82;10.07;30;9;10;0
2025-03-21 19:19:43.511;80;10.69;37;0;7;0
2025-03-21 20:19:14.514;83;9.88;70;0;7;0
2025-03-21 21:18:53.882;81;10.32;72;0;9;0
2025-03-21 22:18:28.546;84;10.17;58;7;7;0
2025-03-21 23:18:07.170;91;9.38;64;6;3;0
2025-03-22 00:17:44.968;91;9.57;82;8;6;0
2025-03-22 01:17:24.933;91;9.61;56;7;10;0
2025-03-22 02:16:57.556;88;9.06;53;3;15;0
2025-03-22 03:16:25.550;89;6.51;73;7;10;0
2025-03-22 04:16:03.716;88;6.32;63;8;15;0
2025-03-22 05:15:39.115;89;5.78;92;6;7;0
2025-03-22 06:15:18.205;91;5.8500000000000005;36;8;5;0
2025-03-22 07:14:55.975;86;5.8500000000000005;71;4;4;0
2025-03-22 08:14:33.916;84;5.95;39;0;5;0
2025-03-22 09:14:13.137;80;7.01;32;0;9;0
2025-03-22 10:13:49.690;73;7.66;78;0;15;0
2025-03-22 11:13:28.660;75;7.7;73;0;6;0
2025-03-22 12:13:11.372;71;8.25;87;0;7;0
2025-03-22 13:12:53.363;71;8.86;89;0;11;0
2025-03-22 14:12:32.435;79;10.25;59;0;8;0
2025-03-22 15:12:09.595;70;10.36;105;0;11;0
2025-03-22 16:11:48.168;68;10.61;61;0;12;0
2025-03-22 17:11:11.886;83;7.09;84;6;9;0
2025-03-22 18:10:50.832;87;6.72;83;0;9;0
2025-03-22 19:10:30.640;86;6.42;93;8;15;0
2025-03-22 20:10:02.349;86;6.17;82;0;10;0
2025-03-22 21:09:34.743;89;4.76;42;4;5;0
2025-03-22 22:09:15.036;90;4.97;72;5;15;0
2025-03-22 23:08:51.754;91;4.39;76;5;10;0
2025-03-23 00:08:28.838;90;4.79;341;8;7;0
2025-03-23 01:08:06.711;90;4.54;45;9;6;0
2025-03-23 02:07:42.564;92;3.73;18;7;5;0
2025-03-23 03:07:23.350;91;4.42;38;7;7;0
2025-03-23 04:06:59.816;88;4.22;23;0;1;0
2025-03-23 05:06:35.703;92;4.01;47;7;5;0
2025-03-23 06:06:17.643;93;4.23;75;9;4;0
2025-03-23 07:05:57.622;93;4.38;44;8;3;0
2025-03-23 08:05:34.600;94;4.45;78;6;1;0
2025-03-23 09:05:15.002;94;4.76;39;5;5;0
2025-03-23 10:04:55.603;95;5.32;76;6;9;0
2025-03-23 11:04:32.902;92;5.8500000000000005;82;0;9;0
2025-03-23 12:04:35.579;85;7.91;11;0;10;0
2025-03-23 13:04:09.349;80;8.59;14;0;4;0
2025-03-23 14:03:37.449;81;8.38;52;2;11;0
2025-03-23 15:03:13.392;89;7.51;40;6;2;0
2025-03-23 16:02:36.321;89;5.13;99;3;3;0
2025-03-23 17:02:19.364;90;4.73;50;2;6;0
2025-03-23 18:02:05.898;89;5.73;66;4;6;0
2025-03-23 19:01:39.518;90;5.04;67;5;6;0
2025-03-23 20:01:14.756;92;4.53;49;3;4;0
2025-03-23 21:00:47.717;92;4.61;32;0;2;0
2025-03-23 22:00:22.958;93;4.86;42;7;2;0
2025-03-23 22:59:59.594;93;5.01;85;7;0;0
2025-03-23 23:59:40.469;93;5.29;19;7;0;0
2025-03-24 00:59:16.426;94;5.26;60;6;3;0
2025-03-24 01:58:53.277;92;5.34;83;2;10;0
2025-03-24 02:58:22.461;93;4.79;74;3;2;0
2025-03-24 03:57:55.864;93;4.48;46;4;5;0
2025-03-24 04:57:27.263;94;3.98;70;6;4;0
2025-03-24 05:56:59.590;93;2.86;41;6;0;0
2025-03-24 06:56:33.765;94;1.86;41;7;0;0
2025-03-24 07:56:16.171;95;1.66;358;6;2;0
2025-03-24 08:56:03.758;96;3.26;312;0;2;0
2025-03-24 09:56:08.613;93;6.57;355;0;0;0
2025-03-24 10:55:53.295;72;9.63;41;0;2;0
2025-03-24 11:55:12.415;64;10.63;36;0;2;0
2025-03-24 12:54:53.869;54;12.03;15;0;3;0
2025-03-24 13:54:27.589;55;12.23;341;0;2;0
2025-03-24 14:53:57.368;55;12.28;19;0;2;0
2025-03-24 15:53:37.192;59;12.0;29;0;5;0
2025-03-24 16:53:08.998;60;11.67;42;0;1;0
2025-03-24 17:52:41.657;56;11.28;83;0;4;0
2025-03-24 18:52:14.850;52;11.0;98;0;1;0
2025-03-24 19:51:33.026;69;8.290000000000001;169;0;0;0
2025-03-24 20:50:59.495;82;5.47;169;0;0;0
2025-03-24 21:50:31.225;88;3.98;169;0;0;0
2025-03-24 22:50:08.275;90;3.19;170;0;0;0
2025-03-24 23:49:44.677;92;2.48;170;1;2;0
2025-03-25 00:49:21.310;93;2.17;170;1;2;0
2025-03-25 01:48:56.120;93;1.67;170;0;2;0
2025-03-25 02:48:33.639;94;1.45;170;0;2;0
2025-03-25 03:48:10.886;94;1.23;170;1;0;0
2025-03-25 05:47:21.236;95;0.79;170;4;1;0
2025-03-25 06:46:57.808;95;0.51;170;0;0;0
2025-03-25 07:46:36.456;95;0.73;170;10;0;0
2025-03-25 08:46:50.381;92;4.59;126;0;0;0
2025-03-25 09:46:30.739;87;7.13;126;0;1;0
2025-03-25 10:46:36.394;70;11.45;46;0;2;0
2025-03-25 11:46:22.416;62;12.79;108;0;6;0
2025-03-25 12:45:47.988;59;13.35;55;0;7;0
2025-03-25 13:45:12.857;66;12.2;318;0;2;0
2025-03-25 14:44:45.119;67;10.94;273;0;15;0
2025-03-25 15:44:17.135;69;10.63;173;0;3;0
2025-03-25 16:44:05.720;66;11.88;174;0;0;0
2025-03-25 17:43:43.389;65;11.67;273;0;2;0
2025-03-25 18:43:16.743;70;11.17;145;0;2;0
2025-03-25 19:42:54.185;79;10.36;277;6;0;0
2025-03-25 20:42:28.160;80;9.81;197;0;5;0
2025-03-25 21:42:00.069;81;8.73;212;0;0;0
2025-03-25 22:41:25.499;88;6.75;138;0;2;0
2025-03-25 23:40:57.159;90;5.89;105;0;4;0
2025-03-26 00:40:29.268;92;4.14;207;0;1;0
2025-03-26 01:40:09.186;93;3.79;262;0;6;0
2025-03-26 02:39:45.595;93;2.78;262;0;2;0
2025-03-26 03:39:21.075;94;2.14;262;6;1;0
2025-03-26 04:38:59.516;94;1.82;246;8;0;0
2025-03-26 05:38:33.455;94;1.04;246;7;0;0
2025-03-26 06:38:07.154;95;0.67;264;8;1;0
2025-03-26 07:37:42.627;95;0.48;265;9;1;0
2025-03-26 08:37:51.668;90;3.76;264;0;0;0
2025-03-26 09:38:00.821;80;8.42;151;0;0;0
2025-03-26 10:37:57.644;62;12.44;168;0;5;0
2025-03-26 11:37:39.405;57;14.38;91;0;0;0
2025-03-26 12:37:00.787;56;14.1;21;0;5;0
2025-03-26 13:36:56.293;52;16.45;62;0;10;0
2025-03-26 14:36:28.516;50;16.69;34;0;5;0
2025-03-26 15:36:00.226;45;17.0;26;0;6;0
2025-03-26 16:35:32.028;43;16.79;127;0;10;0
2025-03-26 17:35:01.199;37;16.54;171;0;5;0
2025-03-26 18:34:28.677;45;15.78;139;0;4;0
2025-03-26 19:33:52.551;54;13.79;60;0;1;0
2025-03-26 20:33:15.182;69;10.6;129;0;4;0
2025-03-26 21:32:49.118;77;8.86;270;0;3;0
2025-03-26 22:32:21.142;83;7.36;271;0;2;0
2025-03-26 23:31:54.681;88;5.73;271;0;0;0
2025-03-27 00:31:24.885;91;4.66;271;0;2;0
2025-03-27 01:31:00.894;92;4.23;272;0;0;0
2025-03-27 02:30:35.842;93;3.75;270;0;0;0
2025-03-27 03:30:10.326;93;3.2;270;3;3;0
2025-03-27 04:29:46.933;93;2.56;270;5;3;0
2025-03-27 05:29:26.374;93;2.03;271;6;1;0
2025-03-27 06:29:06.639;94;1.89;272;7;1;0
2025-03-27 07:28:40.059;94;1.45;272;8;0;0
2025-03-27 08:28:37.617;92;4.39;150;5;0;0
2025-03-27 09:28:45.782;84;8.75;271;0;0;0
2025-03-27 10:28:44.462;67;13.7;18;0;3;0
2025-03-27 11:28:17.420;58;14.32;167;0;0;0
2025-03-27 12:23:40.783;88;6.4;270;4.5;5.8;0.0
2025-03-27 13:44:55.560;81;7.7;255;2.92;5.6;0.0
2025-03-27 14:25:51.387;78;8.4;259;4.4;5.5;0.0
2025-03-27 15:36:08.483;77;8.1;231;3.18;5.1;0.0
2025-03-27 16:54:55.789;77;8.2;219;1.55;4.6;0.0
2025-03-27 17:33:54.250;75;8.2;214;1.4;5.2;0.0
2025-03-27 18:33:32.079;76;7.8;186;0.02;6.5;0.0
2025-03-27 19:34:01.268;81;7.2;180;0.0;5.8;0.0
2025-03-27 20:28:15.438;86;6.4;164;0.0;5.2;0.0
2025-03-27 21:05:02.238;92;5.3;171;0.0;4.7;0.0
2025-03-27 22:59:30.350;93;4.7;171;0.0;4.7;0.0
2025-03-27 23:44:50.465;94;4.2;169;0.0;5.5;0.0
2025-03-28 00:18:01.244;94;3.6;171;0.0;4.7;0.0
2025-03-28 01:29:20.913;95;3.0;148;0.0;4.7;0.0
2025-03-28 02:04:36.645;100;1.5;142;0.0;5.9;0.0
2025-03-28 03:31:25.042;100;1.2;138;0.0;5.4;0.0
2025-03-28 04:34:12.568;100;0.7;127;0.0;5.4;0.0
2025-03-28 05:18:14.711;100;0.7;138;0.0;5.4;0.0
2025-03-28 06:23:42.345;100;1.7;145;0.1;7.0;0.0
2025-03-28 07:44:11.690;98;2.1;142;0.78;6.4;0.0
2025-03-28 08:19:26.252;91;3.5;143;4.68;7.2;0.0
2025-03-28 09:15:52.920;88;5.1;137;18.25;6.9;0.0
2025-03-28 10:59:43.568;76;7.8;127;33.12;7.2;0.0
2025-03-28 11:44:42.163;62;10.6;140;48.78;8.9;0.0
2025-03-28 12:26:14.465;47;13.0;126;50.78;8.0;0.0
2025-03-28 13:39:55.936;42;14.3;115;48.18;8.4;0.0
2025-03-28 14:18:34.824;39;15.0;119;40.82;10.3;0.0
2025-03-28 15:56:55.303;35;16.3;114;29.55;8.7;0.0
2025-03-28 16:59:17.088;40;16.0;106;16.85;9.0;0.0
2025-03-28 17:33:10.209;40;15.3;111;4.92;8.9;0.0
2025-03-28 18:35:04.352;44;14.6;105;0.15;7.1;0.0
2025-03-28 19:01:24.386;50;13.0;112;0.0;8.6;0.0
2025-03-28 20:20:25.187;54;11.6;117;0.0;8.0;0.0
2025-03-28 21:34:07.417;57;10.4;108;0.0;7.2;0.0
2025-03-28 22:40:34.311;61;9.6;105;0.0;5.6;0.0
2025-03-28 23:16:59.084;63;9.2;93;0.0;6.5;0.0
2025-03-29 00:52:08.018;66;8.5;100;0.0;6.2;0.0
2025-03-29 01:39:53.368;69;7.9;79;0.0;3.7;0.0
2025-03-29 02:49:28.576;73;7.5;85;0.0;4.0;0.0
2025-03-29 03:04:25.828;74;7.0;48;0.0;4.3;0.0
2025-03-29 04:30:03.745;76;6.7;55;0.0;4.4;0.0
2025-03-29 05:53:08.807;77;6.3;41;0.0;3.3;0.0
2025-03-29 06:17:55.868;77;6.0;310;0.9199999999999999;6.1;0.0
2025-03-29 07:54:07.094;74;6.3;317;4.9;8.4;0.0
2025-03-29 08:36:41.816;67;7.8;328;10.2;8.9;0.0
2025-03-29 09:29:47.690;63;9.4;312;18.919999999999998;11.2;0.0
2025-03-29 10:03:26.649;63;10.5;314;6.9;12.0;0.0
2025-03-29 11:25:28.319;62;12.0;313;10.75;13.8;0.0
2025-03-29 12:22:33.165;61;13.1;321;27.3;14.8;0.0
2025-03-29 13:31:02.848;58;13.6;323;10.98;14.4;0.0
2025-03-29 14:14:10.678;59;13.5;327;13.55;16.7;0.0
2025-03-29 15:06:51.951;56;13.6;333;12.42;17.4;0.0
2025-03-29 16:57:02.996;62;12.0;342;3.4200000000000004;16.3;0.0
2025-03-29 17:27:04.068;63;11.5;344;0.82;16.1;0.0
2025-03-29 18:09:19.384;59;11.3;335;0.0;11.9;0.0
2025-03-29 19:27:56.297;60;10.8;333;0.0;8.9;0.0
2025-03-29 20:20:10.665;57;9.8;338;0.0;11.3;0.0
2025-03-29 21:23:31.727;58;8.8;336;0.0;8.7;0.0
2025-03-29 22:01:51.598;56;8.1;339;0.0;6.2;0.0
2025-03-29 23:58:31.105;59;7.4;319;0.0;3.3;0.0
2025-03-30 00:41:01.091;63;6.4;295;0.0;7.6;0.0
2025-03-30 01:54:38.464;63;5.5;266;0.0;5.8;0.0
2025-03-30 02:38:24.406;61;5.3;266;0.0;5.8;0.0
2025-03-30 03:18:03.746;63;4.8;201;0.0;5.0;0.0
2025-03-30 04:13:04.206;65;4.3;199;0.0;6.5;0.0
2025-03-30 05:01:23.374;69;4.0;209;0.0;6.6;0.0
2025-03-30 06:51:15.939;70;4.3;197;0.42000000000000004;9.8;0.0
2025-03-30 07:57:47.373;66;5.0;204;1.58;11.4;0.0
2025-03-30 08:49:57.525;63;6.3;197;6.220000000000001;12.4;0.0
2025-03-30 09:53:20.904;60;7.9;229;0.85;14.8;0.6
2025-03-30 10:55:05.241;72;7.3;239;0.3;15.2;0.8
2025-03-30 11:39:16.712;66;8.8;253;9.05;20.4;0.0
2025-03-30 12:41:56.348;73;8.2;251;1.78;17.9;0.1
2025-03-30 13:23:13.000;67;9.2;247;4.45;19.5;0.2
2025-03-30 14:11:57.585;70;9.1;242;1.3;19.5;0.1
2025-03-30 15:40:11.166;80;8.7;247;0.18;18.1;2.0
2025-03-30 16:40:40.896;79;8.7;248;0.32;12.8;1.2
2025-03-30 17:03:50.492;78;8.6;266;0.18;14.8;0.3
2025-03-30 18:32:24.330;80;8.3;293;0.0;16.8;0.1
2025-03-30 19:29:31.275;82;7.8;294;0.0;14.2;0.1
2025-03-30 20:49:50.928;81;7.6;287;0.0;15.8;0.0
2025-03-30 21:04:06.991;83;7.5;288;0.0;14.0;0.3
2025-03-30 22:42:45.908;85;7.3;288;0.0;12.5;0.0
2025-03-30 23:27:10.940;86;7.2;285;0.0;12.3;0.0
2025-03-31 00:37:45.028;86;7.2;293;0.0;12.1;0.0
2025-03-31 01:02:57.721;88;7.1;296;0.0;12.4;0.0
2025-03-31 02:39:37.367;87;7.0;299;0.0;12.7;0.0
2025-03-31 03:12:29.999;87;7.0;311;0.0;12.5;0.0
2025-03-31 04:22:00.041;85;7.1;328;0.0;12.8;0.0
2025-03-31 05:39:32.977;82;6.7;327;0.0;12.0;0.0
2025-03-31 06:28:11.626;81;6.6;322;0.25;12.8;0.0
2025-03-31 07:37:31.598;84;6.5;323;0.12;12.1;0.0
2025-03-31 08:10:51.810;81;7.0;327;0.32;12.0;0.0
2025-03-31 09:46:29.962;79;8.0;333;5.5;11.3;0.0
2025-03-31 10:14:04.253;74;9.2;349;13.45;13.2;0.0
2025-03-31 11:47:52.863;74;9.5;356;9.52;14.4;0.0
2025-03-31 12:56:17.364;71;9.7;353;5.2;14.9;0.0
2025-03-31 13:19:06.099;69;9.4;4;3.7;14.1;0.0
2025-03-31 14:06:40.380;66;9.3;355;4.0200000000000005;13.4;0.0
2025-03-31 15:51:32.597;63;9.3;356;1.02;15.2;0.1
2025-03-31 16:01:29.294;65;8.8;352;0.32;13.4;0.0
2025-03-31 17:13:59.100;70;8.3;351;0.48;14.2;0.0
2025-03-31 18:27:51.297;67;8.2;357;0.0;12.3;0.0
2025-03-31 19:02:20.042;74;7.6;360;0.0;10.4;0.0
2025-03-31 20:57:57.685;77;7.1;356;0.0;9.4;0.0
2025-03-31 21:41:22.396;78;6.9;358;0.0;9.7;0.0
2025-03-31 22:24:37.639;80;6.6;4;0.0;10.1;0.0
2025-03-31 23:59:48.006;81;6.3;8;0.0;9.8;0.0
2025-04-01 00:47:59.186;82;6.1;4;0.0;9.7;0.0
2025-04-01 01:27:53.295;84;5.6;9;0.0;8.8;0.0
2025-04-01 02:32:00.948;84;5.2;20;0.0;8.4;0.0
2025-04-01 03:31:54.575;85;5.4;18;0.0;8.3;0.0
2025-04-01 04:34:16.415;86;5.1;15;0.0;8.2;0.0
2025-04-01 05:15:03.780;86;4.9;11;0.0;7.3;0.0
2025-04-01 06:50:31.723;81;5.6;18;1.58;6.8;0.0
2025-04-01 07:29:00.539;76;6.4;18;12.35;6.8;0.0
2025-04-01 08:16:43.174;71;7.9;18;16.15;6.8;0.0
2025-04-01 09:17:36.888;60;10.1;11;30.3;7.3;0.0
2025-04-01 10:46:46.191;53;11.4;37;22.3;12.1;0.0
2025-04-01 11:45:56.024;49;11.9;32;4.55;12.8;0.0
2025-04-01 12:39:29.049;43;13.2;41;14.080000000000002;13.3;0.0
2025-04-01 13:22:54.953;44;13.3;43;20.580000000000002;13.8;0.0
2025-04-01 14:10:19.044;45;13.5;39;21.35;15.3;0.0
2025-04-01 15:46:10.477;44;13.3;43;10.32;12.7;0.0
2025-04-01 16:51:56.106;45;13.1;44;10.68;11.5;0.0
2025-04-01 17:19:23.148;49;12.5;30;4.5;12.1;0.0
2025-04-01 18:16:01.415;52;11.4;22;0.25;11.6;0.0
2025-04-01 19:15:52.557;58;9.8;28;0.0;11.4;0.0
2025-04-01 20:04:41.804;64;8.4;40;0.0;11.8;0.0
2025-04-01 21:56:31.320;68;7.4;39;0.0;10.2;0.0
2025-04-01 22:29:00.432;72;6.5;35;0.0;8.8;0.0
2025-04-01 23:36:10.118;78;5.8;41;0.0;8.2;0.0
2025-04-02 00:51:18.503;82;5.2;41;0.0;8.2;0.0
2025-04-02 01:55:04.093;86;4.8;36;0.0;8.5;0.0
2025-04-02 02:51:54.195;88;4.3;37;0.0;9.5;0.0
2025-04-02 03:54:04.139;93;3.2;33;0.0;9.9;0.0
2025-04-02 04:06:34.750;97;2.9;35;0.0;8.8;0.0
2025-04-02 05:41:54.089;96;3.1;35;0.0;8.8;0.0
2025-04-02 06:57:27.711;93;3.1;38;0.6;10.0;0.0
2025-04-02 07:26:58.658;85;4.6;36;7.720000000000001;9.8;0.0
2025-04-02 08:01:06.650;75;6.5;46;23.32;10.9;0.0
2025-04-02 09:19:12.191;79;7.2;40;36.45;9.4;0.0
2025-04-02 10:16:21.508;69;9.4;39;44.1;9.2;0.0
2025-04-02 11:08:38.917;61;11.6;36;51.5;9.8;0.0
2025-04-02 12:40:10.134;54;14.0;40;53.02;10.7;0.0
2025-04-02 13:13:55.160;50;15.1;43;50.18;12.7;0.0
2025-04-02 14:37:19.784;48;15.5;41;42.4;13.3;0.0
2025-04-02 15:01:01.218;43;16.1;39;30.68;13.0;0.0
2025-04-02 16:20:09.465;41;15.6;38;18.380000000000003;13.3;0.0
2025-04-02 17:00:29.051;32;14.7;33;6.1;12.5;0.0
2025-04-02 18:11:31.975;36;13.8;40;0.27999999999999997;10.7;0.0
2025-04-02 19:40:13.945;46;12.1;28;0.0;9.8;0.0
2025-04-02 20:07:03.006;57;10.3;36;0.0;10.3;0.0
2025-04-02 21:42:44.632;57;9.5;42;0.0;10.2;0.0
2025-04-02 22:32:52.776;58;8.9;49;0.0;10.0;0.0
2025-04-02 23:28:22.254;58;8.6;62;0.0;8.5;0.0
2025-04-03 00:52:48.721;64;7.2;55;0.0;7.0;0.0
2025-04-03 01:15:43.728;63;6.9;49;0.0;6.6;0.0
2025-04-03 02:55:44.482;61;6.8;56;0.0;6.5;0.0
2025-04-03 03:36:01.041;66;5.8;53;0.0;7.2;0.0
2025-04-03 04:53:54.482;66;5.5;55;0.0;7.5;0.0
2025-04-03 05:29:06.054;66;5.2;58;0.02;6.8;0.0
2025-04-03 06:56:29.720;62;5.9;68;2.52;5.8;0.0
2025-04-03 07:13:04.349;56;7.3;74;12.120000000000001;6.4;0.0
2025-04-03 08:19:59.053;51;9.1;83;24.68;5.8;0.0
2025-04-03 09:11:23.658;45;11.7;83;36.7;6.2;0.0
2025-04-03 10:10:35.126;40;13.8;67;46.3;4.7;0.0
2025-04-03 11:48:41.951;37;15.7;65;52.17999999999999;7.6;0.0
2025-04-03 12:50:11.451;34;17.3;72;53.58;8.3;0.0
2025-04-03 13:14:15.643;35;18.1;68;49.88;7.8;0.0
2025-04-03 14:20:45.431;38;18.6;74;42.32;9.0;0.0
2025-04-03 15:47:39.044;40;19.0;75;31.580000000000002;8.2;0.0
2025-04-03 16:32:00.459;40;18.8;78;18.919999999999998;8.8;0.0
2025-04-03 17:25:02.114;42;18.3;58;6.55;8.1;0.0
2025-04-03 18:27:29.717;42;17.6;83;0.35;6.2;0.0
2025-04-03 19:17:56.671;49;16.1;30;0.0;5.0;0.0
2025-04-03 20:03:29.952;56;14.5;25;0.0;7.6;0.0
2025-04-03 21:00:25.840;63;13.0;51;0.0;7.4;0.0
2025-04-03 22:29:12.627;65;12.1;50;0.0;5.6;0.0
2025-04-03 23:10:08.445;65;11.5;48;0.0;4.3;0.0
2025-04-04 00:01:01.766;72;10.4;72;0.0;2.3;0.0
2025-04-04 01:59:51.994;73;10.3;108;0.0;2.3;0.0
2025-04-04 02:14:32.908;76;9.7;45;0.0;1.0;0.0
2025-04-04 03:50:33.352;83;8.6;18;0.0;2.3;0.0
2025-04-04 04:43:42.889;84;8.0;18;0.0;2.3;0.0
2025-04-04 05:40:03.751;83;7.8;18;0.02;2.3;0.0
2025-04-04 06:39:41.996;75;8.3;353;3.02;2.9;0.0
2025-04-04 07:13:57.233;69;9.8;338;12.95;1.9;0.0
2025-04-04 08:20:57.012;59;12.4;14;25.919999999999998;1.5;0.0
2025-04-04 09:32:45.808;48;15.6;27;38.6;0.8;0.0
2025-04-04 10:11:05.752;44;17.7;45;48.72;1.0;0.0
2025-04-04 11:20:15.035;42;19.1;360;54.5;1.4;0.0
2025-04-04 12:51:42.926;37;20.0;321;55.82000000000001;2.3;0.0
2025-04-04 13:20:42.112;38;20.5;324;52.08;6.2;0.0
2025-04-04 14:22:42.495;35;20.7;360;38.45;8.3;0.0
2025-04-04 15:05:04.214;34;20.8;291;29.75;9.2;0.0
2025-04-04 16:58:08.247;36;20.7;306;19.25;9.8;0.0
2025-04-04 17:30:08.765;39;20.0;333;7.12;8.9;0.0
2025-04-04 18:03:57.646;40;19.1;345;0.45;8.2;0.0
2025-04-04 19:15:49.509;42;17.4;360;0.0;7.9;0.0
2025-04-04 20:55:22.064;52;15.3;21;0.0;11.2;0.0
2025-04-04 21:22:19.823;56;14.1;23;0.0;9.0;0.0
2025-04-04 22:44:14.005;61;12.6;16;0.0;9.0;0.0
2025-04-04 23:23:48.006;65;10.9;12;0.0;10.3;0.0
2025-04-05 00:06:42.411;65;9.8;12;0.0;10.3;0.0
2025-04-05 01:20:18.282;70;7.9;16;0.0;12.0;0.0
2025-04-05 02:22:53.590;74;6.6;14;0.0;11.9;0.0
2025-04-05 03:50:31.348;76;6.2;27;0.0;11.3;0.0
2025-04-05 04:59:15.656;70;5.5;36;0.0;11.6;0.0
2025-04-05 05:23:12.217;67;5.0;35;0.0;10.6;0.0
2025-04-05 06:31:57.167;70;4.9;26;1.42;10.0;0.0
2025-04-05 07:29:18.437;66;5.4;23;3.88;9.0;0.0
2025-04-05 08:51:41.805;56;6.9;23;21.619999999999997;9.0;0.0
2025-04-05 09:13:43.916;51;8.0;15;24.6;8.6;0.0
2025-04-05 10:52:40.995;49;9.3;358;39.65;9.0;0.0
2025-04-05 11:11:25.073;44;10.4;8;25.72;12.7;0.0
2025-04-05 12:37:35.186;37;10.8;18;22.119999999999997;18.2;0.0
2025-04-05 13:31:08.675;34;11.0;15;30.8;18.6;0.0
2025-04-05 14:15:25.462;30;10.7;21;36.019999999999996;19.7;0.0
2025-04-05 15:46:48.480;34;9.7;22;28.380000000000003;20.2;0.0
2025-04-05 16:44:09.685;42;8.2;29;20.05;21.7;0.0
2025-04-05 17:35:05.868;40;6.7;30;6.32;21.1;0.0
2025-04-05 18:30:11.814;40;5.6;30;0.58;18.7;0.0
2025-04-05 19:36:18.351;37;4.5;37;0.0;14.9;0.0
2025-04-05 20:59:05.315;43;3.7;38;0.0;13.3;0.0
2025-04-05 21:06:46.286;47;3.5;27;0.0;11.3;0.0
2025-04-05 22:33:46.862;52;2.6;21;0.0;10.0;0.0
2025-04-05 23:31:30.500;55;2.3;15;0.0;10.8;0.0
2025-04-06 00:38:45.140;59;1.7;4;0.0;9.7;0.0
2025-04-06 01:08:13.744;64;1.3;2;0.0;9.7;0.0
2025-04-06 02:55:19.135;69;0.9;355;0.0;9.0;0.0
2025-04-06 03:39:16.275;70;0.6;351;0.0;8.8;0.0
2025-04-06 04:15:59.677;71;0.5;348;0.0;8.5;0.0
2025-04-06 05:47:09.333;72;0.5;350;0.02;8.0;0.0
2025-04-06 06:06:48.146;71;1.2;348;2.45;8.8;0.0
2025-04-06 07:20:35.546;63;2.2;356;10.7;9.7;0.0
2025-04-06 08:25:29.940;51;3.8;11;18.22;12.8;0.0
2025-04-06 09:43:42.746;41;5.1;16;20.419999999999998;14.2;0.0
2025-04-06 10:46:18.326;35;6.2;13;35.28;14.8;0.0
2025-04-06 11:50:40.695;31;7.2;13;50.05;16.2;0.0
2025-04-06 12:02:22.075;35;7.4;357;36.65;15.1;0.0
2025-04-06 13:12:00.511;29;8.1;8;48.7;16.3;0.0
2025-04-06 14:44:44.414;28;8.6;13;46.08;17.7;0.0
2025-04-06 15:38:23.176;30;8.2;16;32.88;16.5;0.0
2025-04-06 16:02:48.644;32;7.7;16;21.15;16.5;0.0
2025-04-06 17:36:35.207;36;7.0;21;7.92;15.4;0.0
2025-04-06 18:53:01.767;37;6.7;27;0.55;10.9;0.0
2025-04-06 19:36:04.158;40;6.2;16;0.0;5.2;0.0
2025-04-06 20:50:51.047;42;5.9;331;0.0;4.5;0.0
2025-04-06 21:01:49.409;44;5.5;315;0.0;6.6;0.0
2025-04-06 22:24:48.360;48;4.9;302;0.0;6.8;0.0
2025-04-06 23:20:30.307;49;4.7;309;0.0;7.9;0.0
2025-04-07 00:58:18.708;49;4.7;302;0.0;9.4;0.0
2025-04-07 01:31:54.075;52;4.3;302;0.0;10.2;0.0
2025-04-07 02:21:34.333;54;4.0;303;0.0;9.9;0.0
2025-04-07 03:09:23.381;53;4.8;311;0.0;10.5;0.0
2025-04-07 04:31:35.286;55;4.6;314;0.0;11.5;0.0
2025-04-07 05:40:03.136;57;4.5;314;0.0;10.4;0.0
2025-04-07 06:17:28.832;55;4.9;312;0.9199999999999999;10.2;0.0
2025-04-07 07:30:34.501;54;5.6;319;9.35;11.5;0.0
2025-04-07 08:33:11.477;50;7.0;329;25.35;10.5;0.0
2025-04-07 09:48:52.782;48;9.1;333;26.65;10.9;0.0
2025-04-07 10:57:14.202;40;11.1;336;40.980000000000004;12.6;0.0
2025-04-07 11:13:42.664;34;12.2;343;20.18;13.9;0.0
2025-04-07 12:11:45.537;34;12.6;344;19.95;14.2;0.0
2025-04-07 13:40:28.683;30;13.2;3;21.5;15.9;0.0
2025-04-07 14:11:35.934;35;12.6;331;1.72;16.4;0.0
2025-04-07 15:39:49.658;38;12.4;338;1.22;13.6;0.0
2025-04-07 16:49:13.024;38;12.1;337;2.2800000000000002;12.1;0.0
2025-04-07 17:28:54.264;38;11.8;325;0.3;11.9;0.0
2025-04-07 18:01:46.471;38;11.5;4;0.1;11.5;0.0
2025-04-07 19:49:52.317;39;10.5;5;0.0;8.7;0.0
2025-04-07 20:08:07.057;45;9.4;7;0.0;6.2;0.0
2025-04-07 21:35:53.137;50;8.4;357;0.0;6.1;0.0
2025-04-07 22:27:46.822;57;7.4;360;0.0;6.1;0.0
2025-04-07 23:31:21.127;62;6.6;17;0.0;4.9;0.0
2025-04-08 00:29:05.919;66;5.5;6;0.0;3.3;0.0
2025-04-08 01:28:13.812;65;5.9;342;0.0;2.3;0.0
2025-04-08 02:02:24.689;65;6.0;319;0.0;3.3;0.0
2025-04-08 03:26:57.581;68;5.8;330;0.0;5.0;0.0
2025-04-08 04:08:05.099;70;5.6;352;0.0;5.1;0.0
2025-04-08 05:45:56.249;73;5.4;36;0.0;4.9;0.0
2025-04-08 06:20:32.080;76;5.9;58;0.15;4.7;0.0
2025-04-08 07:10:47.261;69;6.8;53;3.2;5.4;0.0
2025-04-08 08:28:17.074;58;8.3;70;15.580000000000002;5.4;0.0
2025-04-08 09:47:47.793;47;10.1;62;38.12;6.1;0.0
2025-04-08 10:15:22.439;40;11.2;45;39.22;7.6;0.0
2025-04-08 11:49:03.963;35;12.0;39;32.92;7.9;0.0
2025-04-08 12:52:47.252;36;12.2;36;14.3;8.5;0.0
2025-04-08 13:25:45.950;34;12.8;348;23.18;5.2;0.0
2025-04-08 14:32:12.757;33;13.1;27;17.9;8.0;0.0
2025-04-08 15:27:03.429;29;13.4;344;16.65;6.4;0.0
2025-04-08 16:55:50.328;30;12.9;345;3.9799999999999995;8.2;0.0
2025-04-08 17:24:44.163;33;12.5;16;1.95;9.3;0.0
2025-04-08 18:09:15.384;32;12.1;28;0.05;8.5;0.0
2025-04-08 19:59:05.853;38;10.9;63;0.0;7.2;0.0
2025-04-08 20:38:38.487;44;9.7;90;0.0;7.6;0.0
2025-04-08 21:46:44.420;49;8.8;99;0.0;6.6;0.0
2025-04-08 22:15:52.497;49;8.3;103;0.0;4.8;0.0
2025-04-08 23:38:16.849;52;7.7;117;0.0;4.8;0.0
2025-04-09 00:38:34.242;56;7.2;110;0.0;4.2;0.0
2025-04-09 01:02:56.086;56;7.0;138;0.0;4.8;0.0
2025-04-09 02:22:59.529;55;7.1;160;0.0;5.4;0.0
2025-04-09 03:59:38.667;55;6.8;158;0.0;1.9;0.0
2025-04-09 04:56:18.693;57;6.5;174;0.0;3.6;0.0
2025-04-09 05:00:13.157;59;6.3;142;0.0;4.1;0.0
2025-04-09 06:43:59.178;58;6.8;183;0.25;6.1;0.0
2025-04-09 07:21:33.565;53;7.9;231;6.45;4.6;0.0
2025-04-09 08:56:20.202;50;9.6;276;18.119999999999997;6.5;0.0
2025-04-09 09:31:46.020;48;10.7;260;40.9;6.2;0.0
2025-04-09 10:25:28.963;46;12.6;291;52.92;8.1;0.0
2025-04-09 11:00:25.546;39;13.9;305;39.88;11.9;0.0
2025-04-09 12:09:38.106;37;14.5;320;25.82;14.6;0.0
2025-04-09 13:51:46.648;35;14.9;316;12.48;12.0;0.0
2025-04-09 14:06:33.714;37;14.6;313;13.7;16.8;0.0
2025-04-09 15:40:03.384;41;14.0;311;2.7199999999999998;12.5;0.0
2025-04-09 16:26:07.475;42;13.7;313;4.32;14.8;0.0
2025-04-09 17:44:28.708;43;13.1;323;0.42000000000000004;14.4;0.0
2025-04-09 18:32:03.024;51;12.3;338;0.0;13.2;0.0
2025-04-09 19:29:38.143;59;10.6;340;0.0;15.7;0.0
2025-04-09 20:58:33.938;70;9.1;333;0.0;12.9;0.0
2025-04-09 21:35:18.555;69;8.7;326;0.0;13.5;0.0
2025-04-09 22:46:19.284;72;8.0;314;0.0;13.5;0.0
2025-04-09 23:44:29.391;73;7.4;311;0.0;13.3;0.0
2025-04-10 00:53:40.279;76;6.7;304;0.0;14.3;0.0
2025-04-10 01:27:06.426;79;6.1;309;0.0;13.0;0.0
2025-04-10 02:51:11.515;82;5.6;310;0.0;11.8;0.0
2025-04-10 03:22:32.777;85;5.4;308;0.0;10.5;0.0
2025-04-10 04:00:00.368;88;5.2;321;0.0;9.7;0.0
2025-04-10 05:19:42.243;88;5.2;338;0.0;11.3;0.0
2025-04-10 06:54:41.746;83;6.0;322;0.1;10.0;0.0
2025-04-10 07:43:59.991;74;6.9;318;2.95;10.2;0.0
2025-04-10 08:18:38.855;70;7.6;304;12.95;10.4;0.0
2025-04-10 09:22:03.285;63;8.6;293;13.3;12.1;0.0
2025-04-10 10:51:24.609;56;10.0;295;27.98;13.5;0.0
2025-04-10 11:43:23.266;54;11.4;283;47.95;14.8;0.0
2025-04-10 12:36:56.139;53;12.3;282;54.82000000000001;15.5;0.0
2025-04-10 13:28:54.865;44;13.1;295;22.85;14.7;0.0
2025-04-10 14:02:07.518;43;13.7;294;29.080000000000002;15.0;0.0
2025-04-10 15:53:53.768;45;14.1;291;17.15;15.0;0.0
2025-04-10 16:53:49.243;48;14.1;292;18.25;15.2;0.0
2025-04-10 17:21:31.426;49;13.9;289;6.9;13.3;0.0
2025-04-10 18:09:35.195;49;13.7;278;0.52;13.1;0.0
2025-04-10 19:46:56.927;56;12.3;270;0.0;15.1;0.0
2025-04-10 20:57:51.995;63;10.6;269;0.0;17.6;0.0
2025-04-10 21:40:33.313;65;9.6;266;0.0;16.2;0.0
2025-04-10 22:11:00.520;66;9.0;270;0.0;16.9;0.0
2025-04-10 23:48:47.603;70;8.4;271;0.0;16.9;0.0
2025-04-11 00:41:05.823;73;8.2;278;0.0;18.5;0.0
2025-04-11 01:59:29.217;77;7.4;294;0.0;20.9;0.0
2025-04-11 02:21:06.393;78;6.3;293;0.0;21.5;0.0
2025-04-11 03:50:31.512;78;7.1;291;0.0;19.3;0.0
2025-04-11 04:10:16.489;77;7.2;292;0.0;19.1;0.0
2025-04-11 05:17:08.583;79;7.3;290;0.02;18.8;0.0
2025-04-11 06:07:57.817;73;7.6;299;0.35;18.8;0.0
2025-04-11 07:30:16.513;72;8.1;292;4.18;19.4;0.0
2025-04-11 08:00:02.215;68;9.1;292;11.55;20.2;0.0
2025-04-11 09:42:53.402;63;10.6;302;7.92;19.1;0.0
2025-04-11 10:22:45.660;62;10.9;301;3.9799999999999995;18.9;0.0
2025-04-11 11:06:41.178;62;11.3;299;1.4;18.8;0.0
2025-04-11 12:26:56.745;65;11.1;300;2.2;17.4;0.0
2025-04-11 13:07:16.790;65;11.6;309;1.92;14.8;0.0
2025-04-11 14:35:46.520;62;12.3;310;2.08;13.6;0.0
2025-04-11 15:10:04.728;54;13.6;302;1.52;14.9;0.0
2025-04-11 16:41:29.785;51;14.3;305;9.55;11.9;0.0
2025-04-11 17:36:54.631;50;14.8;310;5.45;10.7;0.0
2025-04-11 18:18:24.880;54;14.5;297;0.1;8.0;0.0
2025-04-11 19:38:51.478;61;13.6;343;0.0;4.9;0.0
2025-04-11 20:19:34.698;65;12.8;13;0.0;3.3;0.0
2025-04-11 21:45:37.641;72;11.4;24;0.0;3.5;0.0
2025-04-11 22:27:05.133;75;10.9;45;0.0;3.6;0.0
2025-04-11 23:47:03.058;78;10.3;333;0.0;1.6;0.0
2025-04-12 00:18:09.815;87;9.1;231;0.0;2.3;0.0
2025-04-12 01:46:46.385;89;8.8;284;0.0;3.0;0.0
2025-04-12 02:28:04.093;85;8.5;266;0.0;5.1;0.0
2025-04-12 03:35:50.006;86;9.1;284;0.0;5.9;0.0
2025-04-12 04:38:39.476;88;9.1;286;0.0;6.7;0.0
2025-04-12 05:26:58.483;88;9.3;286;0.0;6.4;0.0
2025-04-12 06:23:41.907;83;9.5;288;0.2;8.0;0.0
2025-04-12 07:06:58.556;79;10.1;295;2.75;7.6;0.0
2025-04-12 08:27:44.305;75;11.0;297;7.25;6.4;0.0
2025-04-12 09:36:51.175;73;11.7;262;17.75;8.0;0.0
2025-04-12 10:17:10.517;70;12.3;238;10.68;8.1;0.0
2025-04-12 11:01:00.809;63;13.5;237;30.65;7.3;0.0
2025-04-12 12:38:20.550;60;14.0;205;46.32;5.2;0.0
2025-04-12 13:04:20.113;56;15.3;214;47.22;2.6;0.0
2025-04-12 14:15:49.682;50;16.3;188;43.519999999999996;2.5;0.0
2025-04-12 15:51:19.239;47;17.3;149;35.4;4.2;0.0
2025-04-12 16:12:11.917;50;17.1;135;19.78;7.1;0.0
2025-04-12 17:00:42.051;50;16.6;135;7.9;6.1;0.0
2025-04-12 18:58:23.297;46;16.3;135;1.0;5.6;0.0
2025-04-12 19:33:16.518;51;15.4;95;0.0;4.0;0.0
2025-04-12 20:40:22.078;56;14.5;86;0.0;5.1;0.0
2025-04-12 21:18:16.715;65;13.4;90;0.0;5.8;0.0
2025-04-12 22:47:34.021;71;12.4;101;0.0;5.5;0.0
2025-04-12 23:47:57.743;75;11.8;100;0.0;6.2;0.0
2025-04-13 00:18:11.878;78;10.6;107;0.0;7.5;0.0
2025-04-13 01:52:55.046;80;10.0;124;0.0;7.8;0.0
2025-04-13 02:15:39.708;82;9.6;133;0.0;7.9;0.0
2025-04-13 03:31:47.628;82;9.1;130;0.0;8.9;0.0
2025-04-13 04:26:18.831;80;8.9;135;0.0;9.2;0.0
2025-04-13 05:38:02.438;79;8.7;148;0.35;8.9;0.0
2025-04-13 06:33:33.428;77;9.5;142;6.08;8.7;0.0
2025-04-13 07:00:49.012;71;11.2;141;17.45;9.2;0.0
2025-04-13 08:54:53.397;63;13.7;142;28.95;10.5;0.0
2025-04-13 09:02:38.193;55;16.6;163;30.380000000000003;10.9;0.0
2025-04-13 10:48:09.609;51;18.8;169;35.28;11.4;0.0
2025-04-13 11:40:18.888;42;21.1;191;46.05;13.6;0.0
2025-04-13 12:35:51.086;40;21.4;205;21.080000000000002;14.3;0.0
2025-04-13 13:06:38.873;41;21.6;212;22.78;16.5;0.0
2025-04-13 14:34:58.769;37;22.4;232;19.25;15.6;0.0
2025-04-13 15:36:08.985;41;21.1;244;2.7800000000000002;16.4;0.0
2025-04-13 16:25:23.287;43;20.3;248;1.3;14.4;0.0
2025-04-13 17:43:37.299;46;19.8;259;3.72;11.4;0.0
2025-04-13 18:10:01.454;47;19.5;247;0.78;8.2;0.0
2025-04-13 19:25:12.244;52;18.5;259;0.0;5.5;0.0
2025-04-13 20:37:43.381;55;17.6;262;0.0;5.1;0.0
2025-04-13 21:36:17.680;67;16.4;270;0.0;7.6;0.0
2025-04-13 22:05:39.313;71;15.7;225;0.0;5.1;0.0
2025-04-13 23:55:10.588;72;15.2;267;0.0;6.1;0.0
2025-04-14 00:33:24.226;73;14.6;270;0.0;6.1;0.0
2025-04-14 01:51:27.050;75;14.1;263;0.0;5.8;0.0
2025-04-14 02:09:44.407;79;13.3;230;0.0;5.6;0.0
2025-04-14 03:06:33.894;84;12.4;225;0.0;3.6;0.0
2025-04-14 04:53:55.220;86;12.0;233;0.0;3.6;0.0
2025-04-14 05:23:23.961;85;11.8;223;0.0;5.9;0.0
2025-04-14 06:35:53.617;81;11.9;202;4.0200000000000005;3.9;0.0
2025-04-14 07:00:24.195;74;13.6;194;16.52;4.5;0.0
2025-04-14 08:40:12.943;68;15.4;233;32.18;7.7;0.0
2025-04-14 09:29:30.813;65;17.0;257;43.4;10.0;0.0
2025-04-14 10:47:32.164;59;17.9;252;35.65;9.1;0.0
2025-04-14 11:36:24.926;50;19.1;249;40.28;9.2;0.0
2025-04-14 12:30:55.681;44;19.9;246;42.82;9.8;0.0
2025-04-14 13:47:00.668;37;20.5;232;39.019999999999996;10.0;0.0
2025-04-14 14:05:30.448;37;20.4;231;22.4;5.1;0.0
2025-04-14 15:57:38.014;37;20.6;254;13.180000000000001;6.7;0.0
2025-04-14 16:35:51.654;36;20.6;230;11.15;2.8;0.0
2025-04-14 17:02:53.294;35;20.2;325;9.2;4.4;0.0
2025-04-14 18:23:53.959;37;19.6;36;1.22;6.7;0.0
2025-04-14 19:45:08.561;43;18.6;66;0.0;6.3;0.0
2025-04-14 20:22:05.031;49;17.4;96;0.0;7.2;0.0
2025-04-14 21:20:52.656;54;15.8;80;0.0;8.0;0.0
2025-04-14 22:06:12.047;61;14.9;77;0.0;10.0;0.0
2025-04-14 23:15:37.164;68;14.2;74;0.0;10.5;0.0
2025-04-15 00:44:18.055;68;14.3;72;0.0;10.6;0.0
2025-04-15 01:44:42.711;69;13.9;78;0.0;10.7;0.0
2025-04-15 02:17:32.969;72;13.4;77;0.0;11.4;0.0
2025-04-15 03:57:07.554;72;13.6;78;0.0;11.8;0.0
2025-04-15 04:23:04.019;75;13.2;84;0.0;10.5;0.0
2025-04-15 05:06:17.571;75;13.0;81;0.4;10.9;0.0
2025-04-15 06:37:40.178;77;13.4;84;6.75;10.9;0.0
2025-04-15 07:22:55.139;71;14.9;88;19.25;11.9;0.0
2025-04-15 08:56:57.995;61;17.5;102;33.0;14.0;0.0
2025-04-15 09:51:36.158;52;20.1;112;44.68;17.9;0.0
2025-04-15 10:22:34.228;53;20.6;128;35.480000000000004;20.5;0.0
2025-04-15 11:10:40.838;52;20.9;133;32.519999999999996;19.6;0.0
2025-04-15 12:30:49.168;51;21.1;124;22.65;16.1;0.0
2025-04-15 13:07:03.633;50;21.1;130;10.379999999999999;18.7;0.0
2025-04-15 14:06:15.384;54;20.1;136;6.2;19.1;0.0
2025-04-15 15:45:27.700;57;19.6;130;0.8;18.7;0.0
2025-04-15 16:03:09.059;57;19.1;132;1.8;16.8;0.0
2025-04-15 17:51:30.246;60;18.4;131;1.5;15.3;0.0
2025-04-15 18:31:51.667;64;18.1;126;0.02;13.4;0.0
2025-04-15 19:19:53.716;66;17.5;122;0.0;13.6;0.0
2025-04-15 20:03:09.364;69;16.7;134;0.0;13.0;0.0
2025-04-15 21:38:02.684;70;15.8;139;0.0;14.8;0.0
2025-04-15 22:13:57.030;72;15.2;135;0.0;11.7;0.0
2025-04-15 23:58:10.878;77;14.7;132;0.0;9.7;0.0
2025-04-16 00:51:23.732;80;14.3;144;0.0;9.3;0.0
2025-04-16 01:16:09.661;82;13.8;163;0.0;8.7;0.0
2025-04-16 02:21:09.238;87;13.5;204;0.0;6.3;0.0
2025-04-16 03:36:52.333;90;13.0;227;0.0;6.9;0.0
2025-04-16 04:59:49.658;89;13.0;259;0.0;7.7;0.0
2025-04-16 05:08:20.456;87;12.9;270;0.52;5.8;0.0
2025-04-16 06:39:38.425;84;13.3;238;7.12;5.5;0.0
2025-04-16 07:05:56.918;79;14.7;240;19.7;5.8;0.0
2025-04-16 08:13:23.795;70;16.6;219;33.3;6.9;0.0
2025-04-16 09:48:42.882;64;18.6;209;44.92;3.7;0.0
2025-04-16 10:42:36.398;57;20.1;188;50.12;5.1;0.0
2025-04-16 11:26:53.548;52;21.5;184;52.8;5.4;0.0
2025-04-16 12:17:05.573;47;22.8;159;56.75;7.0;0.0
2025-04-16 13:20:41.345;45;23.7;139;48.6;7.7;0.0
2025-04-16 14:19:36.160;41;24.5;121;43.42;7.6;0.0
2025-04-16 15:42:28.069;42;25.2;106;28.45;9.0;0.0
2025-04-16 16:40:48.710;36;25.4;111;18.98;10.0;0.0
2025-04-16 17:01:23.848;33;25.0;102;7.4;10.3;0.0
2025-04-16 18:17:24.555;38;24.4;86;0.4;9.4;0.0
2025-04-16 19:23:06.100;45;22.7;73;0.0;9.8;0.0
2025-04-16 20:19:53.558;51;21.3;74;0.0;10.5;0.0
2025-04-16 21:25:17.577;55;20.5;108;0.0;10.2;0.0
2025-04-16 22:30:19.362;55;19.5;90;0.0;10.4;0.0
2025-04-16 23:45:19.865;56;18.7;99;0.0;9.5;0.0
2025-04-17 00:37:58.193;57;18.4;90;0.0;10.8;0.0
2025-04-17 01:25:38.122;60;17.6;92;0.0;10.8;0.0
2025-04-17 02:07:03.408;64;17.0;96;0.0;11.2;0.0
2025-04-17 03:09:49.355;69;16.1;106;0.0;10.5;0.0
2025-04-17 04:31:44.632;72;15.6;108;0.0;9.1;0.0
2025-04-17 05:40:27.830;73;15.3;113;0.62;9.0;0.0
2025-04-17 06:25:20.572;71;15.7;123;6.7;9.9;0.0
2025-04-17 07:40:08.666;65;16.9;147;12.22;8.6;0.0
2025-04-17 08:56:41.808;61;18.2;154;11.18;9.2;0.0
2025-04-17 09:34:41.746;52;20.6;173;44.82;9.1;0.0
2025-04-17 10:17:34.952;48;22.5;178;54.5;8.6;0.0
2025-04-17 11:27:51.698;50;23.1;255;59.6;7.1;0.0
2025-04-17 12:19:20.864;41;24.9;180;59.25;3.2;0.0
2025-04-17 13:18:03.558;56;16.69;164;0.0;5;0
2025-04-17 14:17:43.176;57;16.92;39;0.0;5;0
2025-04-17 15:17:23.615;55;16.94;75;0.0;13;0
2025-04-17 16:17:06.577;59;16.61;57;0.0;15;0
2025-04-17 17:16:53.373;57;17.51;62;0.0;13;0
2025-04-17 18:16:26.810;61;16.82;28;0.0;7;0
2025-04-17 19:15:45.818;67;15.23;50;0.0;0;0
2025-04-17 20:15:08.193;77;12.67;79;0.0;0;0
2025-04-17 21:14:38.702;85;10.32;79;0.0;0;0
2025-04-17 22:14:12.265;89;8.82;79;5.0;3;0
2025-04-17 23:13:48.532;91;7.95;79;4.0;2;0
2025-04-18 00:13:26.245;92;7.45;1;5.0;2;0
2025-04-18 01:13:02.596;93;6.95;281;4.0;1;0
2025-04-18 02:12:37.773;93;5.95;319;5.0;0;0
2025-04-18 03:12:14.478;94;5.78;319;5.0;0;0
2025-04-18 04:11:47.962;94;5.14;319;5.0;2;0
2025-04-18 05:11:24.259;94;5.03;322;6.0;0;0
2025-04-18 06:10:57.962;94;4.6000000000000005;322;6.0;0;0
2025-04-18 07:10:32.874;95;4.82;322;6.0;2;0
2025-04-18 08:10:30.997;93;7.01;322;7.0;0;0
2025-04-18 09:10:40.834;86;11.25;322;0.0;0;0
2025-04-18 10:10:41.509;66;15.63;22;0.0;2;0
2025-04-18 11:10:12.387;55;17.26;355;0.0;3;0
2025-04-18 12:09:47.283;55;18.7;37;0.0;5;0
2025-04-18 13:09:33.680;43;20.39;9;0.0;7;0
2025-04-18 14:09:12.772;31;20.89;10;0.0;9;0
2025-04-18 15:08:53.815;32;21.48;55;0.0;15;0
2025-04-18 16:08:22.076;44;20.17;80;0.0;5;0
2025-04-18 17:08:08.152;46;20.39;90;0.0;3;0
2025-04-18 18:07:47.108;48;20.48;74;0.0;2;0
2025-04-18 19:07:09.721;55;18.47;81;0.0;4;0
2025-04-18 20:06:34.895;70;15.95;18;0.0;3;0
2025-04-18 21:06:01.085;81;13.91;76;0.0;4;0
2025-04-18 22:05:35.393;83;13.45;24;0.0;13;0
2025-04-18 23:05:11.552;86;12.39;71;0.0;5;0
2025-04-19 00:04:50.001;88;12.13;50;0.0;9;0
2025-04-19 01:04:29.198;82;11.76;79;0.0;3;0
2025-04-19 02:04:08.870;86;11.67;78;6.0;7;0
2025-04-19 03:03:48.235;82;11.44;50;0.0;7;0
2025-04-19 04:03:30.245;80;11.48;78;0.0;8;0
2025-04-19 05:03:05.352;83;10.73;94;0.0;15;0
2025-04-19 06:02:41.064;83;9.95;69;0.0;5;0
2025-04-19 07:02:13.534;79;9.85;26;0.0;9;0
2025-04-19 08:01:52.515;82;10.06;51;9.0;18;0
2025-04-19 09:01:27.205;91;9.54;52;2.0;14;0
2025-04-19 10:01:09.939;82;10.01;81;0.0;14;0
2025-04-19 10:39:45.000;82;10.01;81;0.0;14;0
2025-04-19 11:00:47.514;82;9.2;62;6.0;19;0
2025-04-19 12:00:39.420;69;10.79;100;0.0;10;0
2025-04-19 13:00:21.929;61;11.34;78;0.0;13;0
2025-04-19 14:00:04.691;57;12.19;47;0.0;9;0
2025-04-19 14:59:38.905;56;12.07;79;0.0;5;0
2025-04-19 15:59:07.839;57;11.69;67;0.0;2;0
2025-04-19 16:58:50.244;51;11.98;97;0.0;6;0
2025-04-19 17:58:36.091;53;11.82;78;0.0;9;0
2025-04-19 18:58:10.793;59;10.97;57;0.0;9;0
2025-04-19 19:57:43.415;64;9.78;62;0.0;5;0
2025-04-19 20:57:17.457;66;8.61;91;0.0;5;0
2025-04-19 21:56:51.567;69;7.45;58;0.0;2;0
2025-04-19 22:56:23.570;78;5.95;102;0.0;0;0
2025-04-19 23:56:05.297;82;6.67;69;0.0;2;0
2025-04-20 00:55:41.752;84;7.13;32;8.0;4;0
2025-04-20 01:55:20.337;82;6.95;82;0.0;3;0
2025-04-20 02:54:56.139;84;6.29;52;0.0;3;0
2025-04-20 03:54:29.482;86;5.69;66;0.0;4;0
2025-04-20 04:54:09.617;87;5.63;98;0.0;1;0
2025-04-20 05:53:50.370;86;5.54;82;0.0;1;0
2025-04-20 06:53:28.362;88;5.3100000000000005;32;8.0;7;0
2025-04-20 07:53:03.407;90;5.01;39;5.0;9;0
2025-04-20 08:52:44.767;92;5.41;25;5.0;3;0
2025-04-20 09:52:26.781;93;6.2;29;5.0;8;0
2025-04-20 10:52:11.450;90;7.86;37;5.0;12;0
2025-04-20 11:51:55.594;78;10.42;77;0.0;11;0
2025-04-20 12:51:33.113;72;10.32;91;0.0;10;0
2025-04-20 13:51:05.570;66;10.82;125;0.0;8;0
2025-04-20 14:50:55.882;61;12.57;75;0.0;3;0
2025-04-20 15:50:31.141;64;12.39;56;0.0;10;0
2025-04-20 16:50:10.252;63;12.67;134;0.0;5;0
2025-04-20 17:49:58.087;59;13.63;94;0.0;2;0
2025-04-20 18:49:31.853;59;13.76;39;0.0;5;0
2025-04-20 19:48:52.851;64;12.17;125;0.0;1;0
2025-04-20 20:48:14.532;79;8.76;124;0.0;0;0
2025-04-20 21:47:47.846;87;6.640000000000001;124;0.0;1;0
2025-04-20 22:47:26.205;90;5.5600000000000005;124;0.0;0;0
2025-04-20 23:46:58.974;92;4.89;124;1.0;1;0
2025-04-21 13:43:09.886;41;18.07;137;0.0;2;0
2025-04-21 14:42:51.958;45;18.39;56;0.0;5;0
2025-04-21 15:42:44.904;43;19.26;96;0.0;5;0
2025-04-21 17:41:56.550;46;19.17;80;0.0;11;0
2025-04-21 18:41:30.047;51;18.57;65;0.0;3;0
2025-04-21 19:40:54.494;61;15.91;71;0.0;3;0
2025-04-21 20:40:27.343;67;15.0;135;0.0;0;0
2025-04-21 21:40:00.581;72;14.23;52;0.0;0;0
2025-04-21 22:39:26.252;83;12.5;252;9.0;3;0
2025-04-21 23:39:00.474;88;11.17;191;7.0;1;0
2025-04-22 00:38:35.093;90;9.98;201;9.0;0;0
2025-04-22 01:38:10.364;92;9.41;201;9.0;0;0
2025-04-22 02:37:44.679;93;8.26;201;9.0;1;0
2025-04-22 03:37:18.141;94;7.6;201;9.0;2;0
2025-04-22 04:36:54.792;94;7.67;201;10.0;0;0
2025-04-22 05:36:35.434;94;7.61;201;10.0;1;0
2025-04-22 06:36:10.842;94;7.54;201;10.0;2;0
2025-04-22 07:35:51.231;93;8.17;200;10;1;0
2025-04-22 08:35:50.724;86;11.41;126;0;0;0
2025-04-22 09:35:53.835;72;14.51;23;0;0;0
2025-04-22 10:35:44.848;61;16.53;249;0;5;0
2025-04-22 11:35:12.808;59;16.79;29;0;9;0
2025-04-22 12:34:56.119;56;18.36;21;0;7;0
2025-04-22 13:34:38.625;51;18.42;94;0;1;0
2025-04-22 14:34:21.297;48;19.28;54;0;9;0
2025-04-22 15:34:09.978;45;20.41;82;0;10;0
2025-04-22 16:33:33.144;47;19.66;87;0;7;0
2025-04-22 17:33:11.549;43;19.34;204;0;5;0
2025-04-22 18:32:39.284;43;19.11;195;0;2;0
2025-04-22 19:32:10.006;46;17.91;78;0;3;0
2025-04-22 20:31:26.724;61;14.41;178;0;2;0
2025-04-22 21:30:54.154;73;11.72;177;0;0;0
2025-04-22 22:30:22.032;79;10.32;179;0;0;0
2025-04-22 23:30:00.710;83;9.67;179;0;1;0
2025-04-23 00:29:36.662;84;9.34;240;0;2;0
2025-04-23 01:29:12.148;86;8.82;271;0;3;0
2025-04-23 02:28:42.606;88;7.53;272;6;0;0
2025-04-23 03:28:21.196;89;8.26;284;2;3;0
2025-04-23 04:27:58.940;89;7.59;281;0;2;0
2025-04-23 05:27:38.544;89;7.53;317;0;3;0
2025-04-23 06:27:13.358;89;7.29;292;0;4;0
2025-04-23 07:26:57.279;87;8.97;279;0;5;0
2025-04-23 08:27:00.874;72;14.2;229;0;11;0
2025-04-23 09:26:53.975;64;16.48;196;0;6;0
2025-04-23 10:26:43.257;54;18.36;341;0;3;0
2025-04-23 11:26:24.357;49;19.41;172;0;8;0
2025-04-23 12:26:01.875;46;20.53;219;0;0;0
2025-04-23 13:25:43.663;40;22.2;144;0;2;0
2025-04-23 14:25:28.092;36;22.61;316;0;4;0
2025-04-23 15:25:13.938;33;24.29;134;0;3;0
2025-04-23 16:24:42.314;36;24.22;36;0;10;0
2025-04-23 17:24:19.425;38;24.38;51;0;5;0
2025-04-23 18:23:56.589;40;23.73;223;0;9;0
2025-04-23 19:23:19.286;43;22.23;227;0;5;0
2025-04-23 20:22:33.351;56;18.6;286;0;3;0
2025-04-23 21:21:54.521;67;15.41;308;0;0;0
2025-04-23 22:21:27.282;70;13.97;308;0;2;0
2025-04-23 23:20:56.831;75;12.41;308;0;2;0
2025-04-24 00:20:23.694;82;10.5;308;0;0;0
2025-04-24 01:19:56.322;82;10.13;296;0;5;0
2025-04-24 02:19:31.696;84;9.23;304;0;2;0
2025-04-24 03:19:11.879;86;8.38;311;0;2;0
2025-04-24 04:18:49.695;87;7.98;332;0;3;0
2025-04-24 05:18:21.022;88;7.48;332;0;3;0
2025-04-24 06:17:59.375;90;7.54;286;4;0;0
2025-04-24 07:17:43.242;87;8.84;3;0;0;0
2025-04-24 08:17:45.210;75;13.91;297;0;5;0
2025-04-24 09:17:48.069;53;19.13;314;0;6;0
2025-04-24 10:17:36.109;47;20.95;236;0;6;0
2025-04-24 11:17:24.567;39;22.92;264;0;4;0
2025-04-24 12:17:06.296;35;24.57;127;0;3;0
2025-04-24 13:16:46.341;32;25.63;94;0;2;0
2025-04-24 14:16:34.934;30;26.55;71;0;5;0
2025-04-24 15:16:19.415;25;27.2;83;0;2;0
2025-04-24 16:15:57.134;29;27.66;58;0;6;0
2025-04-24 17:15:31.481;29;26.79;58;0;2;0
2025-04-24 18:15:10.874;30;27.44;27;0;4;0
2025-04-24 19:14:27.402;34;25.81;70;0;2;0
2025-04-24 20:13:45.284;46;22.41;71;0;2;0
2025-04-24 21:13:10.160;59;18.95;191;0;3;0
2025-04-24 22:12:37.111;68;16.42;191;0;2;0
2025-04-24 23:12:09.351;75;14.69;191;0;2;0
2025-04-25 00:11:46.723;77;14.04;266;0;3;0
2025-04-25 01:11:22.836;79;13.16;266;0;3;0
2025-04-25 03:10:23.751;86;11.07;243;0;0;0
2025-04-25 04:10:00.841;88;10.39;244;0;2;0
2025-04-25 05:09:33.234;89;9.91;244;0;0;0
2025-04-25 06:09:09.853;89;9.26;244;4;0;0
2025-04-25 07:08:48.292;91;8.92;244;0;0;0
2025-04-25 08:08:48.631;80;12.47;136;0;1;0
2025-04-25 09:08:57.420;62;17.91;226;0;0;0
2025-04-25 10:08:38.351;42;21.53;32;0;4;0
2025-04-25 11:08:14.904;36;23.22;79;0;6;0
2025-04-25 12:07:50.641;35;24.11;42;0;15;0
2025-04-25 13:07:32.364;33;24.98;47;0;7;0
2025-04-25 14:07:12.078;28;25.36;87;0;7;0
2025-04-25 15:06:55.535;27;26.23;45;0;13;0
2025-04-25 16:06:29.722;29;26.28;66;0;9;0
2025-04-25 17:06:01.941;35;25.32;80;0;9;0
2025-04-25 18:05:34.782;34;24.48;111;0;5;0
2025-04-25 19:05:04.227;40;22.67;71;0;7;0
2025-04-25 20:04:26.135;50;19.23;85;0;2;0
2025-04-25 21:03:47.877;59;16.51;211;0;3;0
2025-04-25 22:03:19.840;66;14.86;191;0;0;0
2025-04-25 23:02:47.180;76;12.84;184;0;1;0
2025-04-26 00:02:20.627;78;12.36;127;0;0;0
2025-04-26 01:02:01.061;77;13.01;127;0;2;0
2025-04-26 02:01:32.469;81;12.04;48;0;0;0
2025-04-26 03:01:10.996;86;12.01;154;0;0;0
2025-04-26 04:00:50.886;89;11.1;154;0;2;0
2025-04-26 05:00:21.744;91;10.42;154;0;0;0
2025-04-26 06:00:04.805;91;10.84;265;0;1;0
2025-04-26 06:59:41.937;91;10.63;265;0;2;0
2025-04-26 07:59:36.031;88;12.64;264;0;2;0
2025-04-26 08:59:37.874;80;16.63;27;0;5;0
2025-04-26 09:59:32.166;68;18.7;60;0;6;0
2025-04-26 10:59:14.808;58;19.82;355;0;5;0
2025-04-26 11:58:46.629;46;21.17;60;0;15;0
2025-04-26 12:58:28.038;42;22.31;44;0;12;0
2025-04-26 13:58:09.542;38;23.69;25;0;5;0
2025-04-26 14:57:52.738;40;23.56;270;0;13;0
2025-04-26 15:57:31.540;39;23.14;226;0;4;0
2025-04-26 16:57:06.961;30;22.95;217;0;14;0
2025-04-26 17:56:46.614;31;22.41;269;0;6;0
2025-04-26 18:56:23.103;35;21.63;259;0;10;0
2025-04-26 19:55:46.369;45;19.44;270;0;5;0
2025-04-26 20:55:12.383;58;15.86;270;0;5;0
2025-04-26 21:54:42.213;65;14.35;269;0;2;0
2025-04-26 22:54:15.851;70;13.11;322;0;0;0
2025-04-26 23:53:46.186;74;12.29;298;0;3;0
2025-04-27 00:53:22.386;77;11.51;293;0;0;0
2025-04-27 01:52:42.756;83;9.32;293;0;0;0
2025-04-27 02:52:17.267;84;8.51;293;0;0;0
2025-04-27 03:52:08.621;70;11.07;280;0;5;0
2025-04-27 04:51:45.769;73;10.17;269;0;7;0
2025-04-27 05:51:19.040;74;9.67;289;0;4;0
2025-04-27 06:50:54.900;78;8.98;287;0;4;0
2025-04-27 07:50:48.173;71;12.19;160;0;3;0
2025-04-27 08:50:53.267;53;17.45;182;0;8;0
2025-04-27 09:50:40.561;49;18.91;191;0;7;0
2025-04-27 10:50:35.745;40;21.01;129;0;1;0
2025-04-27 11:50:15.196;39;22.79;52;0;4;0
2025-04-27 12:49:50.341;36;23.38;27;0;2;0
2025-04-27 13:49:34.408;36;24.01;62;0;10;0
2025-04-28 11:41:15.407;39;19.88;247;0;13;0
2025-04-28 12:40:56.790;34;21.19;236;0;15;0
2025-04-28 13:40:36.387;31;22.41;259;0;7;0
2025-04-28 14:40:18.153;28;23.11;179;0;12;0
2025-04-28 15:40:01.596;28;24.03;130;0;3;0
2025-04-28 16:39:39.678;30;24.03;287;0;8;0
2025-04-28 17:39:11.475;34;23.32;311;0;19;0
2025-04-28 18:38:43.952;38;21.92;267;0;13;0
2025-04-28 19:38:07.770;45;19.86;160;0;16;0
2025-04-29 00:35:48.298;65;12.91;229;0;7;0
2025-04-29 01:35:20.814;68;11.97;269;0;8;0
2025-04-29 02:34:55.532;69;11.48;211;0;10;0
2025-04-29 03:34:30.358;73;10.73;247;0;10;0
2025-04-29 04:34:08.268;75;10.28;207;0;5;0
2025-04-29 05:33:49.253;74;10.38;212;0;9;0
2025-04-29 06:33:22.179;74;10.32;238;0;10;0
2025-04-29 07:33:04.910;70;11.41;118;0;18;0
2025-04-29 08:32:51.731;67;12.97;125;0;15;0
2025-04-29 09:32:38.634;60;14.79;120;0;23;0
2025-04-29 10:32:25.985;55;16.31;224;0;24;0
2025-04-29 11:32:10.763;54;17.0;213;0;13;0
2025-04-29 12:32:00.864;49;19.13;236;0;9;0
2025-04-29 13:31:44.815;44;20.88;214;15;0;0
2025-04-29 14:31:27.296;45;21.13;233;9;0;0
2025-04-30 15:22:34.929;46;23.45;34;3;0;0
2025-04-30 16:22:08.543;49;22.47;68;9;0;0
2025-04-30 17:21:46.909;52;21.57;27;18;0;0
2025-04-30 18:21:10.122;69;17.95;56;7;0;0
2025-04-30 19:20:37.731;79;15.1;38;6;0;0
2025-04-30 20:20:13.352;82;14.2;57;4;0;0
2025-04-30 21:19:45.454;84;13.5;70;6;0;0
2025-04-30 22:19:19.382;85;13.42;41;1;0;0
2025-04-30 23:18:55.106;86;13.51;90;0;0;10
2025-05-01 00:18:34.697;90;13.59;270;4;0;10
2025-05-01 01:18:17.816;84;13.88;241;5;0;0
2025-05-01 02:17:56.811;84;13.69;261;3;0;0
2025-05-01 03:17:31.453;83;13.53;205;2;0;0
2025-05-01 04:17:09.973;82;13.73;218;4;0;0
2025-05-01 05:16:46.761;83;13.5;252;5;0;0
2025-05-01 06:16:25.811;81;13.57;245;6;0;0
2025-05-01 07:16:07.197;80;13.72;211;8;0;0
2025-05-01 08:15:50.619;77;14.32;241;10;0;0
2025-05-01 09:15:37.042;70;16.04;247;5;0;0
2025-05-01 10:15:25.846;63;17.63;210;9;0;0
2025-05-01 11:15:18.022;58;19.34;309;3;0;0
2025-05-01 12:14:55.216;58;20.09;163;1;0;0
2025-05-01 13:14:38.228;49;22.6;226;5;0;0
2025-05-01 14:14:25.912;44;24.26;28;5;0;0
2025-05-01 15:14:06.340;39;25.26;22;9;0;0
2025-05-01 16:13:37.546;38;25.73;62;18;0;0
2025-05-01 17:13:17.478;37;26.22;24;10;0;0
2025-05-01 18:12:54.156;35;26.44;27;3;0;0
2025-05-01 19:12:26.456;33;26.1;84;2;0;0
2025-05-01 20:11:39.613;50;20.51;174;1;0;0
2025-05-01 21:11:05.075;56;17.61;195;2;0;0
2025-05-01 23:10:31.056;65;18.61;246;9;0;0
2025-05-02 00:10:06.485;76;17.11;178;10;0;9
2025-05-02 01:09:46.413;77;16.51;226;10;0;0
2025-05-02 02:09:28.357;72;17.11;254;7;0;0
2025-05-02 03:08:55.315;79;13.2;48;5;0;0
2025-05-02 04:08:29.194;85;11.86;33;4;0;0
2025-05-02 05:08:06.882;85;11.69;51;0;0;9
2025-05-02 06:07:39.537;89;11.11;34;0;0;6
2025-05-02 07:07:29.186;89;12.2;273;5;0;9
2025-05-02 08:07:15.652;84;14.72;234;2;0;0
2025-05-02 09:07:10.781;75;17.42;341;7;0;0
2025-05-02 10:06:48.201;76;17.36;23;3;0;0
2025-05-02 11:06:25.845;75;17.61;31;11;0;0
2025-05-02 12:06:22.351;53;20.13;31;7;0;0
2025-05-02 13:06:00.381;46;20.81;60;19;0;0
2025-05-02 14:05:41.440;45;21.66;59;14;0;0
2025-05-02 15:05:18.854;37;22.01;48;13;0;0
2025-05-02 16:04:56.637;36;22.01;82;13;0;0
2025-05-02 17:04:34.898;38;21.82;49;11;0;0
2025-05-02 18:04:08.352;43;20.63;27;11;0;0
2025-05-04 08:49:32.409;79;12.57;58;0;3;0
